product_id,product_name,product_type,product_price
P00107,MOP,Cleaning Materials,16.0
P00159,CAR WRENCH,Tools,17.28
P00299,PIKELETS AUSTRALIAN PANCAKES,Readymade_breakfast,15.23
P00518,PRINTER,Electronics and Technology,38.07
P00535,FRESH MANGO BREAD,Readymade_breakfast,8.34
P00550,SHEET OF PAPER,Stationary and School Supplies,5.74
P00665,POACHED EGGS TECHNIQUE,Readymade_breakfast,8.08
P00739,CAF A LA RUSSE CHOCOLATE COFFEE,Readymade_dinner,38.48
P00744,CANDY BAR,Grocery,17.28
P00909,DOMINO SET,Toys and Entertainment,38.07
P00957,BAG,Apparel,17.28
P00961,REFRIGERATOR,Appliances,14.67
P01086,PENCIL HOLDER,Accessories,5.74
P01128,CHOCOLATE COVERED DIPPED STRAWBERRIES,Readymade_dinner,50.04
P01268,ITALIAN EGGS WITH BACON,Readymade_breakfast,9.93
P01345,HAIR TIE,Accessories,5.74
P01350,6 WEEK BRAN MUFFINS AUNTIE ANNES MUFFINS,Readymade_breakfast,8.57
P01399,CANDY WRAPPER,Grocery,17.28
P02028,ALLEN WRENCH,Tools,17.28
P02214,NEW ENGLAND ROASTED CORNISH GAME HENS,Readymade_dinner,51.68
P02287,THE GODFATHER OF GRILLED CHEESE SANDWICHES,Readymade_lunch,17.15
P02380,MUSIC CD,Music,21.38
P02406,BOTTLE OF SUNSCREEN,Health and Hygiene,6.11
P02479,3 MEAT BREAKFAST PIZZA,Readymade_breakfast,5.65
P02848,CALIFORNIA CRAB SALAD,Readymade_lunch,17.93
P02905,ERASER,Stationary and School Supplies,5.74
P03010,BOX OF NOTEBOOKS,Stationary,16.11
P03084,SPRING,Tools,17.28
P03104,BEEF FOR TACOS,Readymade_lunch,16.97
P03118,SMALL KNIFE,Kitchenware,17.28
P03144,PASTA STRAINER,Kitchenware,17.28
P03225,BREAD,Grocery,17.28
P03294,ORIGINAL PRALINE BACON RECIPE,Readymade_breakfast,6.53
P03309,CLASS RING,Jewelry,11.81
P03333,SPICY CHICKEN SOUP WITH HINTS OF LEMONGRASS AND COCONUT MILK,Readymade_lunch,19.36
P03456,SCOTCH TAPE,Stationary and School Supplies,5.74
P03457,BALL OF YARN,Stationary and School Supplies,5.74
P03696,CARIBBEAN SUNSET,Readymade_dinner,39.35
P03714,MP3 PLAYER,Electronics and Technology,38.07
P03989,SPANISH GARLIC SHRIMP TAVERNA,Readymade_dinner,47.18
P04050,OATMEAL COOKIE GRANOLA,Readymade_lunch,10.98
P04083,LAPTOP,Electronics and Technology,38.07
P04239,GLASS MIRROR,Furniture,38.07
P04272,LARGE PLATE,Kitchenware,17.28
P04373,T G I FRIDAYS MUDSLIDE,Readymade_dinner,55.42
P04584,BUTTER KNIFE,Kitchenware,17.28
P04657,CARAMELIZED ONION FOCACCIA BREAD MACHINE,Readymade_lunch,36.91
P04669,TOASTED HAM AND CHEESE SUPREME,Readymade_lunch,28.59
P04721,WW POTATO GRATIN 5 POINTS,Readymade_dinner,37.01
P04910,RADIO,Electronics and Technology,38.07
P05051,KATOS TASTY SALMON CREAM CHEESE SURPRISE,Readymade_lunch,27.86
P05303,SQUIRT GUN,Toys and Entertainment,38.07
P05447,CENTRUM,Health and Hygiene,6.11
P05519,CARROT,Grocery,17.28
P05572,CHOCOLATE COCONUT DREAM BARS,Readymade_dinner,51.12
P05591,LARGE DOOR,Furniture,38.07
P05697,COMIC BOOK,Toys and Entertainment,38.07
P05773,SUGARED CINNAMON ALMONDS,Readymade_lunch,14.7
P05776,3 MEAT BREAKFAST PIZZA,Readymade_breakfast,9.64
P05950,BABY GREENS WITH MUSTARD VINAIGRETTE,Readymade_lunch,30.61
P05976,BLACKBERRY PHONE,Electronics and Technology,38.07
P06004,OVEN FRIED ZUCCHINI STICKS,Readymade_dinner,31.64
P06101,CHICKEN AND EGG ON RICE OYAKO DONBURI,Readymade_breakfast,10.95
P06160,TOY ROBOT,Toys and Entertainment,38.07
P06200,NATS CUCUMBER CREAM CHEESE BAGEL,Readymade_lunch,15.16
P06431,CHICKEN WITH CASHEWS,Readymade_lunch,31.01
P06447,SAUSAGE MUSHROOM APPETIZERS,Readymade_dinner,34.96
P06454,APPLE,Grocery,17.28
P06518,FEW BATTERIES,Electronics and Technology,38.07
P06525,I DID IT MY WAY TOSSED SALAD,Readymade_dinner,38.45
P06546,PAIR OF SOCKS,Apparel,17.28
P06762,STEAK KNIFE,Kitchenware,17.28
P06815,TOASTED HAM AND CHEESE SUPREME,Readymade_lunch,26.96
P06861,CHILDREN'S PANTS,Apparel,17.28
P06984,HOMEMADE POPSICLES,Readymade_lunch,31.05
P07037,HONEY JAR,Grocery,17.28
P07101,TOILET PAPER TUBE,Health and Hygiene,6.11
P07137,DEHUMIDIFIER,Electronics and Technology,38.07
P07302,TEA CUP,Kitchenware,17.28
P07585,SCRAMBLED EGG SANDWICHES WITH ONIONS AND RED PEPPERS,Readymade_breakfast,13.61
P07667,BOW TIE,Accessories,5.74
P07689,QUARTZ CRYSTAL,Jewelry,6.35
P07754,WASHCLOTH,Accessories,5.74
P07816,EGG FLOWERS,Readymade_breakfast,8.83
P07851,BUTTON,Accessories,5.74
P07875,WOK,Kitchenware,17.28
P07965,PENS,Stationary and School Supplies,5.74
P07974,EVERYDAY FRENCH BREAKFAST BAGUETTE AND JAM WITH CHOCOLATE MILK,Readymade_breakfast,8.88
P08042,GRILLED OR BAKED SALMON WITH LAVENDER,Readymade_dinner,40.15
P08098,BACON EGG CASSEROLE,Readymade_breakfast,12.39
P08105,SAUSAGE SANDWICH ITALIAN STYLE,Readymade_lunch,22.06
P08116,PAIR OF SAFETY GOGGLES,Tools,17.28
P08132,NAIL POLISH,Cosmetics,7.55
P08198,BED,Furniture,38.07
P08237,CARTON OF ICE CREAM,Grocery,17.28
P08253,BERRY CREAM CHEESE COFFEE CAKE,Readymade_breakfast,9.39
P08264,BAR OF SOAP,Health and Hygiene,6.11
P08279,BELL,Accessories,5.74
P08480,NOVEL,Toys and Entertainment,38.07
P08782,PACKET OF SEEDS,Grocery,17.28
P08790,IPHONE,Technology,24.63
P08839,BASEBALL GLOVES,Sports,3.78
P08902,PARMESAN FISH IN THE OVEN,Readymade_lunch,34.81
P09159,POCKETKNIFE,Accessories,5.74
P09279,MINI TABLE,Furniture,38.07
P09482,BOTTLE OF PERFUME,Accessories,5.74
P09653,SPANISH GARLIC SHRIMP TAVERNA,Readymade_dinner,31.08
P09693,ACORN,Grocery,17.28
P09731,HAIR CLIP,Accessories,5.74
P09848,HEARTY GRILLED CHEESE,Readymade_lunch,29.8
P10068,CRUSHED RED POTATOES WITH GARLIC,Readymade_dinner,33.11
P10245,LINDAS SPECIAL POTATO SALAD,Readymade_dinner,52.61
P10248,SANDALS,Apparel,17.28
P10334,FISH,Grocery,17.28
P10398,QUEEN MARGHERITA PIZZA,Readymade_lunch,20.82
P10492,SPICE BOTTLE,Grocery,17.28
P10592,TOOTH PICK,Health and Hygiene,6.11
P10650,GRILLED HAVARTI AND AVOCADO SANDWICHES,Readymade_lunch,25.52
P10695,BLUEBERRY BAKERY MUFFINS,Readymade_breakfast,10.61
P10749,SCALLOP SHELL,Grocery,17.28
P10771,SLEEPY TWISTED SISTERS G N G BREAKFAST RAMEKIN,Readymade_breakfast,11.6
P10780,ENGLISH MUFFINS WITH BACON BUTTER,Readymade_breakfast,7.32
P10825,PURSE,Accessories,5.74
P10899,GARDEN SPADE,Tools,17.28
P10973,SPOOL OF THREAD,Accessories,5.74
P11049,REMOTE,Electronics and Technology,38.07
P11158,CLAY POT,Furniture,38.07
P11306,KEYHOLDER,Accessories,5.74
P11333,FLAESKEAEGGEKAGE DANISH BACON EGG PANCAKE OMELET,Readymade_breakfast,7.65
P11415,PLUSH FROG,Toys and Entertainment,38.07
P11538,HUMMUS WITH A TWIST,Readymade_lunch,11.18
P11543,LONG ISLAND ICED TEA APPLEBEES TGI FRIDAYS STYLE,Readymade_dinner,43.83
P11963,ITALIAN DELI WRAPS,Readymade_lunch,36.47
P11998,CUP,Kitchenware,17.28
P12174,LIGHT BULB,Electronics and Technology,38.07
P12201,LADLE,Kitchenware,17.28
P12233,TALL LIGHT LAMP,Furniture,38.07
P12322,POOL STICK,Tools,17.28
P12380,DOOR,Furniture,38.07
P12397,QUICK ELEPHANT EARS,Readymade_lunch,39.48
P12400,CABINET,Furniture,38.07
P12456,BOTTLE OF WATER,Grocery,17.28
P12662,ANTIBACTERIAL SOAP,Health and Hygiene,6.11
P12820,MILK,Grocery,17.28
P12877,PILLOW,Furniture,38.07
P12902,TUNA RED ONION AND PARSLEY SALAD,Readymade_lunch,14.0
P12916,LEMON,Grocery,17.28
P13070,BASKETBALL,Sports,16.69
P13078,DOVE SOAP,Health and Hygiene,6.11
P13168,TOASTED SUNNY SIDE UP EGG AND CHEESE SANDWICHES,Readymade_breakfast,8.07
P13246,STICKER BOOK,Stationary and School Supplies,5.74
P13499,BOTTLE,Grocery,17.28
P13611,WATER BOTTLE,Grocery,17.28
P13660,VIDEO RECORDER,Electronics and Technology,38.07
P13991,DOOR KNOB,Furniture,38.07
P14013,LEMON COCONUT MUFFINS,Readymade_lunch,19.92
P14085,BROILED CINNAMON TOAST,Readymade_breakfast,8.01
P14421,SOCKS,Apparel,17.28
P14423,STOP SIGN,Stationary and School Supplies,5.74
P14431,FRESH MANGO BREAD,Readymade_breakfast,6.87
P14601,CLOCK,Furniture,38.07
P14602,SPINACH SALAD WITH BLUE CHEESE,Readymade_lunch,16.66
P14605,PICTURE FRAME,Accessories,5.74
P14660,GAMING GARDS,Toys and Entertainment,38.07
P14691,PLUSH BEAR,Toys and Entertainment,38.07
P14696,COMB,Accessories,5.74
P14726,BANDANA,Accessories,5.74
P14794,EXTENSION CORD,Electronics and Technology,38.07
P14943,CEMENT STONE,Tools,17.28
P14956,PLATES,Kitchenware,17.28
P15136,BOX OF Q-TIPS,Health and Hygiene,6.11
P15151,BAKED HAM GLAZED WITH PINEAPPLE AND CHIPOTLE PEPPERS,Readymade_lunch,39.23
P15245,DOVE LOTION,Health and Hygiene,6.11
P15618,KHAKI SHORTS,Apparel,17.28
P15639,CREAMED PEAS ON TOAST,Readymade_lunch,19.56
P15679,TOILET,Furniture,38.07
P15728,TENNIS JERSEY,Sports,9.02
P15748,NO BAKE HERSHEYS BAR PIE,Readymade_lunch,17.66
P15826,POLO SHIRT,Apparel,17.28
P15861,FLAESKEAEGGEKAGE DANISH BACON EGG PANCAKE OMELET,Readymade_breakfast,8.65
P15886,SHERRY BUTTERED SHRIMP,Readymade_dinner,52.13
P15983,DESK LIGHT,Furniture,38.07
P16039,ORANGE GLAZED PORK CHOPS,Readymade_dinner,35.5
P16100,BUCKLE,Tools,17.28
P16145,APPLE BUTTERFLIES,Readymade_lunch,14.58
P16656,SOY MILK,Grocery,17.28
P16794,GRANDMAS SWEDISH THIN PANCAKES,Readymade_breakfast,12.81
P16814,NUMBER 400 SEAFOOD CASSEROLE,Readymade_lunch,23.81
P16844,SALT SHAKER,Kitchenware,17.28
P16928,TOOTHPICK,Health and Hygiene,6.11
P16950,HAND BAG,Accessories,5.74
P17055,HUMMUS WITH A TWIST,Readymade_lunch,12.44
P17131,KEYCHAIN,Accessories,5.74
P17153,FRESH MANGO BREAD,Readymade_breakfast,9.19
P17244,BASEBALL,Sports,8.72
P17294,SWEET ONION AND MASHED POTATO BAKE,Readymade_dinner,40.05
P17344,BAKED SWISS CHEESE OMELET,Readymade_breakfast,8.72
P17375,BAKED PEARS,Readymade_breakfast,9.92
P17385,BREAKFAST CASSEROLE SEASONED WITH COUNTRY GRAVY,Readymade_breakfast,5.77
P17470,MATCHBOOK,Accessories,5.74
P17602,CANADIAN BACON CHEESE OMELET,Readymade_breakfast,7.25
P18058,EASY DANISH KRINGLE,Readymade_breakfast,8.87
P18259,ORANGE,Grocery,17.28
P18466,ELECTRIC FAN,Technology,22.68
P18592,COUNTRY FLAG,Stationary and School Supplies,5.74
P18598,FAMOUS WHITE WINGS,Readymade_lunch,24.59
P18608,KITTENCALS CROCK POT FRENCH DIP ROAST,Readymade_dinner,52.91
P18854,WINDOW,Furniture,38.07
P18900,BEADED BRACELET,Jewelry,11.31
P19537,SHOVEL,Tools,17.28
P19556,WINE GLASS,Kitchenware,17.28
P19599,OSLO PAPER,Stationary and School Supplies,5.74
P19736,PAIR OF TONGS,Kitchenware,17.28
P19785,SPOON,Kitchenware,17.28
P19795,GRILLED CHICKEN PESTO PANINI,Readymade_lunch,39.3
P19806,ANOTHER BUFFALO WINGS RECIPE,Readymade_lunch,23.14
P19879,TABLE,Furniture,38.07
P19920,HEARTY GRILLED CHEESE,Readymade_lunch,12.52
P19963,SQUID,Grocery,17.28
P20028,PARSLIED NEW POTATOES,Readymade_dinner,39.76
P20183,VANILLA FRUIT DIP,Readymade_breakfast,15.41
P20205,GINGER SOY SALMON,Readymade_lunch,30.98
P20330,AXE,Tools,17.28
P20348,ICE PICK,Tools,17.28
P20398,HOISIN MARINATED WING PIECES,Readymade_lunch,35.75
P20506,SWEDISH CUCUMBER SALAD PRESSGURKA,Readymade_dinner,42.13
P20607,PARMESAN FISH IN THE OVEN,Readymade_lunch,28.38
P20679,DOG FOOD,Grocery,17.28
P20809,CREAMY LEMON TARTS,Readymade_dinner,36.42
P20986,MOUSE PAD,Accessories,5.74
P21143,FISH BALL,Grocery,17.28
P21217,DIAMOND RING,Jewelry,21.41
P21488,WRISTWATCH,Electronics and Technology,38.07
P21559,VANILLA FRUIT DIP,Readymade_breakfast,7.75
P21579,BOTTLE OF SODA,Grocery,17.28
P21603,ROLL OF MASKING TAPE,Tools,17.28
P21604,SPICY CHICKEN SOUP WITH HINTS OF LEMONGRASS AND COCONUT MILK,Readymade_lunch,33.63
P21614,PURSE/BAG,Apparel,17.28
P21941,SHARK TOY,Toys and Entertainment,38.07
P22011,DANISH BUBBLE,Readymade_breakfast,13.64
P22046,DOVE DEODORANT,Health and Hygiene,6.11
P22100,OUTLET,Electronics and Technology,38.07
P22136,MARTINI GLASS,Kitchenware,17.28
P22318,SWEET ONION AND MASHED POTATO BAKE,Readymade_dinner,52.55
P22373,GARLIC HERBED ROASTED RED SKIN POTATOES,Readymade_lunch,11.56
P22565,VOLLEYBALL SHOES,Sports,16.32
P22691,SCREWDRIVER,Tools,17.28
P22692,PACKAGE OF CRISP AND CRUNCHY EDIBLES,Grocery,17.28
P22698,BANANAS,Grocery,17.28
P22797,TWEEZERS,Accessories,5.74
P22934,TOY SOLDIER,Toys and Entertainment,38.07
P23102,GOAT CHEESE BLACK OLIVE MASHED POTATOES,Readymade_dinner,38.62
P23233,LIGHT STICK,Tools,17.28
P23312,THE GODFATHER OF GRILLED CHEESE SANDWICHES,Readymade_lunch,31.53
P23431,OLD FASHIONED BANANA MUFFINS,Readymade_breakfast,5.68
P23444,TOOL BOX,Tools,17.28
P23539,TRASH BAG,Health and Hygiene,6.11
P23724,SWIRLED CRANBERRY CHEESECAKE,Readymade_dinner,31.65
P23730,COMPUTER,Electronics and Technology,38.07
P23739,CARDAMOM SOUR CREAM WAFFLES,Readymade_breakfast,11.63
P23751,TENNIS RACKET,Sports,14.08
P23890,BAKED PEARS,Readymade_breakfast,10.04
P23986,BOTTLE OF OIL,Grocery,17.28
P23991,SPINACH WITH LEMON GARLIC,Readymade_dinner,31.62
P24155,PAIR OF EARRINGS,Jewelry,23.13
P24303,CHOCOLATE COVERED DIPPED STRAWBERRIES,Readymade_dinner,47.78
P24359,KHAKI PANTS,Apparel,17.28
P24407,EGG SALAD CLUB SANDWICHES OR SHRIMP SALAD CLUB,Readymade_lunch,39.03
P24514,BROCCOLI,Grocery,17.28
P24772,MOUSE PAD,Electronics and Technology,38.07
P24798,ELECTRONIC KEYBOARD,Electronics and Technology,38.07
P24807,HELMET,Apparel,17.28
P24868,KEY,Furniture,38.07
P25027,TONKATSU JAPANESE PORK CUTLET,Readymade_dinner,33.81
P25134,GRILLED BLUE CHEESE BURGERS,Readymade_lunch,35.03
P25172,WEDDING RING,Jewelry,25.46
P25317,CREDIT CARD HOLDER,Accessories,5.74
P25336,DRAWER,Furniture,38.07
P25343,TELEVISION SET,Electronics and Technology,38.07
P25621,MAGNIFYING GLASS,Stationary,22.26
P25652,RED SCARF,Apparel,17.28
P25856,BLOUSE,Apparel,17.28
P25962,CHILI JACK OVEN OMELET,Readymade_breakfast,6.01
P26076,FACE WASH,Health and Hygiene,6.11
P26149,PIECE OF GUM,Grocery,17.28
P26180,MAPLE COFFEE,Readymade_dinner,36.11
P26243,FLOWER BLOUSE,Apparel,17.28
P26249,BUTTERFLIED LEG OF LAMB WITH LOTS OF GARLIC AND ROSEMARY,Readymade_dinner,43.4
P26301,MINIATURE PORTRAIT,Accessories,5.74
P26346,FANTASTIC BANANA BRAN MUFFINS,Readymade_lunch,12.53
P26460,FLASHLIGHT,Tools,17.28
P26612,MOMS CHEAT DOUGHNUTS,Readymade_breakfast,6.78
P26750,CHICKEN,Grocery,17.28
P27057,WHOLE GRAIN PANCAKE MIX,Readymade_breakfast,8.44
P27175,PEARL NECKLACE,Jewelry,10.11
P27300,BERGY DIM SUM 5 STEAMED SHRIMP DUMPLINGS,Readymade_dinner,39.63
P27572,MATTRESS,Furniture,38.07
P27594,CLOSET,Furniture,38.07
P27604,TOOTHBRUSH,Health and Hygiene,6.11
P27609,HANDHELD GAME SYSTEM,Electronics and Technology,38.07
P27634,LIGHTER,Tools,17.28
P27686,SAUSAGE SANDWICH ITALIAN STYLE,Readymade_lunch,14.72
P27721,ICE CREAM STICK,Grocery,17.28
P27776,BLUE SHIRT,Apparel,17.28
P27881,PENCIL,Stationary and School Supplies,5.74
P28035,CHOCOLATE COCONUT DREAM BARS,Readymade_lunch,23.97
P28104,CRISPY NOODLE SALAD WITH SWEET AND SOUR DRESSING,Readymade_dinner,32.21
P28165,PAN BROILED STEAK WITH WHISKEY SAUCE,Readymade_dinner,33.11
P28494,FEATHER,Accessories,5.74
P28697,RUBBER COWS,Toys and Entertainment,38.07
P28708,TOASTED SUNNY SIDE UP EGG AND CHEESE SANDWICHES,Readymade_breakfast,13.55
P28725,SPICY CHICKEN SOUP WITH HINTS OF LEMONGRASS AND COCONUT MILK,Readymade_lunch,20.81
P28748,ASPARAGUS WITH LEMON BUTTER CRUMBS,Readymade_dinner,54.8
P28785,HARRY POTTER,Toys and Entertainment,38.07
P28797,TEA POT,Kitchenware,17.28
P28972,BOX OF CHALK,Stationary and School Supplies,5.74
P29047,TWISTER,Toys and Entertainment,38.07
P29048,POACHED EGGS TECHNIQUE,Readymade_breakfast,6.34
P29135,MEXI EGGS IN A HOLE,Readymade_breakfast,9.4
P29173,TUBE OF LIP BALM,Accessories,5.74
P29241,FLOUNDER STUFFED WITH SHRIMP AND CRABMEAT,Readymade_dinner,36.34
P29299,GRID PAPER,Stationary and School Supplies,5.74
P29421,GLUE GUN,Tools,13.17
P29464,SAUSAGE GRAVY FOR BISCUITS AND GRAVY,Readymade_breakfast,11.94
P29484,RICE,Grocery,17.28
P29692,PLUSH DINOSAUR,Toys and Entertainment,38.07
P30026,MUFFIN TOPPINGS,Readymade_breakfast,8.87
P30105,HARMONICA,Music,16.64
P30159,FLYSWATTER,Accessories,5.74
P30163,ROASTED ASPARAGUS WITH SAGE AND LEMON BUTTER,Readymade_dinner,45.81
P30168,CAN OF BEANS,Grocery,17.28
P30241,KAHLUA HOT CHOCOLATE,Readymade_dinner,31.57
P30561,BRUSH,Accessories,5.74
P30578,EVERYDAY FRENCH BREAKFAST BAGUETTE AND JAM WITH CHOCOLATE MILK,Readymade_breakfast,5.67
P30600,HARD DRIVE,Electronics and Technology,38.07
P30680,MAGAZINE,Toys and Entertainment,38.07
P30732,ORIGINAL PRALINE BACON RECIPE,Readymade_breakfast,8.43
P30824,CELERY AND BLUE CHEESE SALAD,Readymade_dinner,38.4
P30879,GOAT CHEESE BLACK OLIVE MASHED POTATOES,Readymade_lunch,18.64
P30941,STOCKINGS,Apparel,17.28
P30996,COLORING BOOK,Toys and Entertainment,38.07
P31025,RUBBER STAMP,Accessories,5.74
P31056,PIKELETS AUSTRALIAN PANCAKES,Readymade_breakfast,14.05
P31116,BLOWDRYER,Electronics and Technology,38.07
P31119,CD,Electronics and Technology,38.07
P31455,CHALK,Stationary and School Supplies,5.74
P31477,BOTTLE OF LOTION,Health and Hygiene,6.11
P31495,SMART TELEVISION,Electronics and Technology,38.07
P31591,PAIR OF WATER GOGGLES,Accessories,5.74
P31756,CREAMY SCRAMBLED EGGS IN THE MICROWAVE,Readymade_breakfast,5.73
P31809,PLUSH PONY,Toys and Entertainment,38.07
P31816,ROPE,Accessories,5.74
P31819,PANDA PLUSHIE,Toys and Entertainment,38.07
P31846,SPATULA,Kitchenware,17.28
P31963,VIDEO GAMES,Electronics and Technology,38.07
P31973,MAPLE COFFEE,Readymade_dinner,42.58
P31979,3 MEAT BREAKFAST PIZZA,Readymade_breakfast,11.21
P31991,PAPERCLIP,Stationary and School Supplies,5.74
P32152,SMALL NOTEBOOK,Stationary and School Supplies,5.74
P32211,SMALL POUCH,Accessories,5.74
P32361,A FASTER EGG MUFFIN,Readymade_breakfast,11.95
P32391,PLUSH RABBIT,Toys and Entertainment,38.07
P32736,SUMMIT DRINKING WATER,Grocery,17.28
P32838,LASER POINTER,Electronics and Technology,38.07
P32948,ORIGINAL PRALINE BACON RECIPE,Readymade_breakfast,9.19
P32987,RED POTATO AND GREEN BEAN SAUTE,Readymade_dinner,55.46
P33124,BEEF,Grocery,17.28
P33149,NO BAKE HERSHEYS BAR PIE,Readymade_dinner,39.1
P33305,EASY BREAKFAST CASSEROLE,Readymade_breakfast,6.99
P33422,NATS CUCUMBER CREAM CHEESE BAGEL,Readymade_breakfast,11.31
P33489,SAW,Tools,17.28
P33533,PUMPKIN GINGER SCONES WITH CINNAMON CHIPS,Readymade_breakfast,10.2
P33765,EMERILS STEWED BLACK EYED PEAS,Readymade_dinner,30.82
P33973,HAMMER,Tools,17.28
P34196,PURPLE COW,Readymade_lunch,38.38
P34235,COPYCAT TACO BELL CHICKEN ENCHILADA BOWL,Readymade_lunch,31.73
P34251,EGGS IN A BASKET,Readymade_breakfast,12.38
P34423,DRILL PRESS,Tools,17.28
P34445,CANADIAN BACON CHEESE OMELET,Readymade_breakfast,14.47
P34466,STRAWBERRY AND CREAM CHEESE PARFAIT,Readymade_dinner,45.94
P34562,KATOS TASTY SALMON CREAM CHEESE SURPRISE,Readymade_lunch,11.91
P34682,BOWL,Kitchenware,17.28
P34708,SAVORY PITA CHIPS,Readymade_dinner,40.87
P34734,SHIRLEYS PLAIN OR BLUEBERRY MUFFINS,Readymade_breakfast,13.33
P34777,AIRCONDITIONER,Electronics and Technology,38.07
P34796,ORCA PLUSHIE,Toys and Entertainment,38.07
P34832,WHALE TOY,Toys and Entertainment,38.07
P35012,PAINTBRUSH,Tools,17.28
P35031,HEARTY GRILLED CHEESE,Readymade_lunch,23.88
P35048,TOY TOP,Toys and Entertainment,38.07
P35116,3 MEAT BREAKFAST PIZZA,Readymade_lunch,22.53
P35187,LEG WARMERS,Apparel,17.28
P35200,IPOD,Electronics and Technology,38.07
P35203,TOMATO,Grocery,17.28
P35269,MICROPHONE,Electronics and Technology,38.07
P35277,WHISTLE,Accessories,5.74
P35292,WIRELESS CONTROL,Electronics and Technology,38.07
P35380,PAIR OF SUNGLASSES,Accessories,5.74
P35567,SUN GLASSES,Accessories,5.74
P35601,DEODORANT,Health and Hygiene,6.11
P35603,PLUSH DOG,Toys and Entertainment,38.07
P35713,TUNA RED ONION AND PARSLEY SALAD,Readymade_lunch,36.77
P36198,GARGLE,Health and Hygiene,6.11
P36256,SHOE LACE,Accessories,5.74
P36328,PLASTIC FORK,Kitchenware,17.28
P36338,CHOCOLATE COOKIES,Grocery,17.28
P36392,CHEESECAKE KUGEL,Readymade_breakfast,6.8
P36428,PORK,Grocery,17.28
P36441,LINDAS ASIAN SALMON,Readymade_dinner,36.73
P36453,NOTEPAD,Stationary and School Supplies,5.74
P36489,NATS CUCUMBER CREAM CHEESE BAGEL,Readymade_breakfast,8.97
P36555,CAN OF WHIPPED CREAM,Grocery,17.28
P36795,HAIR PIN,Accessories,5.74
P36796,WHIP CREAM,Grocery,17.28
P36847,ENGLISH MUFFINS WITH BACON BUTTER,Readymade_breakfast,12.29
P36932,GRILLED CHEESE ON RAISIN BREAD,Readymade_lunch,24.29
P36941,SCREWDRIVER,Tools,17.28
P37149,ROLL OF STICKERS,Stationary and School Supplies,5.74
P37163,POACHED EGGS TECHNIQUE,Readymade_breakfast,6.43
P37261,BASEBALL BAT,Sports,18.02
P37389,MAGNET,Tools,17.28
P37763,FRIED ALMONDS,Readymade_lunch,20.48
P37809,EGGS IN A BASKET,Readymade_breakfast,12.55
P37820,LETTER OPENER,Tools,17.28
P38031,AMAZING SWEET ITALIAN SAUSAGE PASTA SOUP,Readymade_dinner,48.96
P38056,TOY CAR,Toys and Entertainment,38.07
P38108,SCRAMBLED EGGS OEUFS BROUILLS,Readymade_breakfast,7.28
P38164,TURKEY SWISS PANINI,Readymade_lunch,38.51
P38223,SAFETY PIN,Accessories,5.74
P38278,BOOM BOX,Electronics and Technology,38.07
P38361,WILD ADDICTING DIP,Readymade_dinner,35.51
P38404,JAR OF JAM,Grocery,17.28
P38411,WHITE SPOON,Kitchenware,17.28
P38477,RUBBER BAND,Accessories,5.74
P38595,ORIGINAL PRALINE BACON RECIPE,Readymade_breakfast,8.89
P38603,KITTENCALS EXTRA CRISPY FRIED CHICKEN BREAST,Readymade_dinner,35.9
P38639,PEPPER SHAKER,Kitchenware,17.28
P38791,BLT SANDWICH,Readymade_lunch,26.85
P39268,COUCH,Furniture,38.07
P39300,ROLL OF DUCT TAPE,Tools,17.28
P39400,AMAZING SWEET ITALIAN SAUSAGE PASTA SOUP,Readymade_lunch,31.49
P39547,KICK A FRIED ONION RINGS,Readymade_dinner,52.93
P39580,SPINACH WITH LEMON GARLIC,Readymade_lunch,40.11
P39669,SHOPPING BAG,Accessories,5.74
P39678,FRIDGE,Electronics and Technology,38.07
P39720,WOODEN NAILS,Tools,17.28
P39751,LAPTOP,Technology,15.09
P39770,BAG OF POPCORN,Grocery,17.28
P39805,LAMP SHADE,Furniture,38.07
P39935,RUBBER DUCK,Toys and Entertainment,38.07
P40013,SHOES,Apparel,17.28
P40035,ASPARAGUS OMELETTE WRAPS,Readymade_breakfast,15.29
P40157,BABY GREENS WITH MUSTARD VINAIGRETTE,Readymade_lunch,23.3
P40372,TOASTED SUNNY SIDE UP EGG AND CHEESE SANDWICHES,Readymade_breakfast,11.74
P40416,IPOD CHARGER,Electronics and Technology,38.07
P40474,STANDING DESK,Furniture,38.07
P40638,GOLD NECKLACE,Jewelry,21.71
P40818,TOY BOAT,Toys and Entertainment,38.07
P40839,THE TRADITIONAL CYPRUS SANDWICH WITH HALLOUMI ONIONS AND TOMATO,Readymade_lunch,21.01
P40901,PACKAGE OF GLITTER,Accessories,5.74
P41016,REUBEN SANDWICH OUR WAY,Readymade_lunch,15.52
P41024,MOROCCAN CINNAMON COFFEE WITH ORANGE FLOWER WATER,Readymade_dinner,46.26
P41178,WASHING MACHINE,Electronics and Technology,38.07
P41255,HUMMUS WITH PINE NUTS TURKISH STYLE,Readymade_dinner,41.76
P41308,LIME,Grocery,17.28
P41448,DESK DRAWER,Furniture,38.07
P41802,BUTTERFLIED LEG OF LAMB WITH LOTS OF GARLIC AND ROSEMARY,Readymade_dinner,54.2
P41821,CAN OPENER,Kitchenware,17.28
P41840,HAND MIRROR,Accessories,5.74
P41898,FOOTBALL,Sports,17.84
P41956,COOKIES,Grocery,17.28
P42173,KITCHEN KNIFE,Kitchenware,17.28
P42272,WATCH,Electronics and Technology,38.07
P42535,WRENCH,Tools,17.28
P42592,PAIR OF RUBBER GLOVES,Health and Hygiene,6.11
P42606,6 WEEK BRAN MUFFINS AUNTIE ANNES MUFFINS,Readymade_breakfast,6.52
P42683,COUNTRY SCRAMBLED EGGS,Readymade_breakfast,8.3
P42768,PURPLE COW,Readymade_lunch,26.92
P42789,EGG BEATER,Kitchenware,17.28
P42855,EASY DANISH KRINGLE,Readymade_breakfast,6.94
P42908,PLUSH CAT,Toys and Entertainment,38.07
P43004,BANGLE BRACELET,Jewelry,20.61
P43006,HUGE SCISSORS,Tools,17.28
P43032,TOASTED SUNNY SIDE UP EGG AND CHEESE SANDWICHES,Readymade_breakfast,11.36
P43148,CONDITIONER,Health and Hygiene,6.11
P43238,CAN OF CHILI,Grocery,17.28
P43253,MUFFIN TOPPINGS,Readymade_breakfast,6.43
P43254,BAKED SWISS CHEESE OMELET,Readymade_breakfast,13.38
P43278,CANDLE,Accessories,5.74
P43640,BASEBALL HAT,Sports,18.99
P43805,PACK OF CARDS,Toys and Entertainment,38.07
P43899,BOX OF MARKERS,Stationary and School Supplies,5.74
P43988,MUSHROOM AND CHICKEN GRILLED QUESADILLAS,Readymade_dinner,54.38
P44153,DELICIOUS AND SIMPLE FRUIT DIP,Readymade_lunch,12.46
P44198,MAMAS FRUIT COBBLER,Readymade_dinner,49.3
P44353,DOLPHIN TOY,Toys and Entertainment,38.07
P44474,BOX OF CHOCOLATES,Grocery,17.28
P44480,CHAIN,Tools,17.28
P44493,SOAP,Health and Hygiene,6.11
P44526,ROLLING PIN,Kitchenware,17.28
P44541,CROCS,Apparel,17.28
P44568,TOOL BASKET,Tools,17.28
P44599,CELLPHONE,Electronics and Technology,38.07
P44959,KICK A FRIED ONION RINGS,Readymade_dinner,52.5
P45008,PAIR OF GLASSES,Accessories,5.74
P45019,SAND PAPER,Stationary,4.47
P45047,OATMEAL COOKIE GRANOLA,Readymade_lunch,22.7
P45048,JUST LIKE DEWEYS CANDIED WALNUT AND GRAPE SALAD,Readymade_dinner,47.47
P45091,SOFA BED,Furniture,38.07
P45096,CARAMELIZED ONION FOCACCIA BREAD MACHINE,Readymade_lunch,32.29
P45110,BOTTLE OF GLUE,Stationary and School Supplies,5.74
P45148,SPICY CHICKEN SOUP WITH HINTS OF LEMONGRASS AND COCONUT MILK,Readymade_lunch,20.42
P45177,CUCUMBER,Grocery,17.28
P45363,AWESOME ORANGE CHOCOLATE MUFFINS,Readymade_breakfast,14.25
P45704,ITALIAN EGGS WITH BACON,Readymade_breakfast,14.76
P45809,SCRAMBLED EGGS OEUFS BROUILLS,Readymade_breakfast,6.82
P45896,NO BAKE HERSHEYS BAR PIE,Readymade_lunch,19.42
P45904,LEATHER WALLET,Accessories,5.74
P45916,BLUEBERRY BAKERY MUFFINS,Readymade_breakfast,11.75
P45928,COFFEE POT,Kitchenware,17.28
P46016,RASPBERRY CRANBERRY SALAD WITH SOUR CREAM CREAM CHEESE TOPPING,Readymade_dinner,55.4
P46172,FLOOR,Furniture,38.07
P46180,GROCERY BAG,Grocery,17.28
P46247,MEXI EGGS IN A HOLE,Readymade_breakfast,6.24
P46448,BACON EGG CASSEROLE,Readymade_breakfast,13.24
P46469,SHIRT WITH COLLAR,Apparel,17.28
P46591,MUSHROOM AND CHICKEN GRILLED QUESADILLAS,Readymade_dinner,35.9
P46595,PLUSH UNICORN,Toys and Entertainment,38.07
P46596,SPONGE,Kitchenware,17.28
P46677,CREAMY CUCUMBER DILL DIP,Readymade_dinner,44.37
P46799,TOWER HOLDER,Furniture,38.07
P46852,BROWN SHOES,Apparel,17.28
P46858,SWEET AND SOUR PORK BALLS,Readymade_dinner,43.66
P46929,SCALLOP SAUTE,Readymade_dinner,34.33
P46943,DAGGER,Accessories,5.74
P47037,ROLL OF TOILET PAPER,Health and Hygiene,6.11
P47057,MONITOR,Electronics and Technology,38.07
P47288,BOOKMARK,Accessories,5.74
P47328,BLOUSE,Apparel,17.28
P47369,HAIR RIBBON,Accessories,5.74
P47439,PURPLE COW,Readymade_breakfast,10.89
P47523,NUMBER 400 SEAFOOD CASSEROLE,Readymade_lunch,17.31
P47533,CRISPY FRIED CHICKEN SPRING ROLLS,Readymade_lunch,38.74
P47662,SCALLOP SAUTE,Readymade_lunch,22.13
P47842,PROVENCAL OLIVES,Readymade_dinner,34.29
P47893,FANTASTIC BANANA BRAN MUFFINS,Readymade_lunch,23.09
P47927,HAM OMELET DELUXE,Readymade_breakfast,13.87
P47989,EGG,Grocery,17.28
P47996,DEODORANT STICK,Health and Hygiene,6.11
P48014,CANDY CANE,Grocery,17.28
P48019,SAMSUNG TABLET,Electronics and Technology,38.07
P48268,FRESH TOMATO AND CUCUMBER SALAD,Readymade_lunch,18.14
P48655,ORIGINAL PRALINE BACON RECIPE,Readymade_breakfast,6.22
P48736,TOY PLANE,Toys and Entertainment,38.07
P48963,RED RIBBON CAKE,Grocery,17.28
P48972,TABLE,Furniture,38.07
P49110,REFRIGERATOR MAGNET,Accessories,5.74
P49144,CANTEEN SPOON,Kitchenware,17.28
P49164,BLUE MARGARITAS,Readymade_dinner,40.62
P49305,JAR OF PEANUT BUTTER,Grocery,17.28
P49380,WASHING MACHINE,Appliances,23.24
P49390,TILAPIA IN THAI SAUCE,Readymade_dinner,45.72
P49459,VANILLA FRUIT DIP,Readymade_breakfast,7.58
P49478,SMALL BANANA,Grocery,17.28
P49554,VODAFONE MOBILE PHONE,Electronics and Technology,38.07
P49814,AIR FRYER,Electronics and Technology,38.07
P49928,STICKY NOTE,Stationary and School Supplies,5.74
P50225,GREEN GODDESS DRESSING,Readymade_lunch,19.92
P50238,THE GREATFUL BREAD SANDWICH,Readymade_lunch,12.39
P50249,BOTTLE OF PILLS,Health and Hygiene,6.11
P50257,DESK,Furniture,38.07
P50352,SOURDOUGH ROSEMARY POTATO BREAD,Readymade_dinner,30.68
P50369,HUMMUS WITH PINE NUTS TURKISH STYLE,Readymade_dinner,40.31
P50413,OATMEAL COOKIE GRANOLA,Readymade_breakfast,14.42
P50422,EYE LINER,Cosmetics,8.86
P50527,SOFA,Furniture,38.07
P50553,CHEERY CHERRY MUFFINS,Readymade_breakfast,7.53
P50613,BROILED CINNAMON TOAST,Readymade_breakfast,6.44
P50634,GIRAFFE TOY,Toys and Entertainment,38.07
P50666,FRESH MANGO BREAD,Readymade_lunch,31.54
P50818,NIFS PEANUT BUTTER BANANA MUFFINS,Readymade_lunch,40.09
P50905,SCREW,Tools,17.28
P50943,CROWBAR,Tools,17.28
P51071,WOODEN SPOON,Kitchenware,17.28
P51326,BUTTERMILK MASHED POTATOES WITH COUNTRY MUSTARD,Readymade_dinner,32.53
P51428,LACE,Accessories,5.74
P51544,SPICED POACHED PEARS,Readymade_dinner,32.6
P51590,BLUE PEN,Stationary and School Supplies,5.74
P51599,CAMERA,Electronics and Technology,38.07
P51619,FRESH MANGO BREAD,Readymade_lunch,28.83
P51714,GINGER LEMON MUFFINS,Readymade_breakfast,7.01
P51902,BIG FORK,Kitchenware,17.28
P51961,LOCKET,Accessories,5.74
P51992,ASIAN BROCCOLI SALAD,Readymade_dinner,45.61
P52004,SPINACH SALAD WITH FETA CHEESE,Readymade_dinner,39.09
P52201,HAND FAN,Electronics and Technology,38.07
P52352,SALATA MAROULI ROMAINE LETTUCE SALAD,Readymade_dinner,31.41
P52395,NO BAKE HERSHEYS BAR PIE,Readymade_lunch,28.84
P52456,EASY BREAKFAST CASSEROLE,Readymade_breakfast,10.15
P52507,FROZEN KAHLUA CREME,Readymade_dinner,47.13
P52510,GLASS MUG,Kitchenware,17.28
P52518,PUDDING,Grocery,17.28
P52670,BLT SANDWICH,Readymade_lunch,17.28
P52732,STRAWBERRY PAVLOVA,Readymade_dinner,48.63
P52838,GOLD BELT,Apparel,17.28
P52912,BEST BUTTERMILK PANCAKES,Readymade_breakfast,5.83
P52948,SIMPLY SIMPLE CUCUMBER SLICES IN VINEGAR DRESSING LONGMEADOW,Readymade_lunch,37.15
P53005,HEARTY GRILLED CHEESE,Readymade_lunch,39.13
P53153,EGG TIMER,Kitchenware,17.28
P53493,SALMON WITH BOURBON AND BROWN SUGAR GLAZE,Readymade_lunch,24.22
P53549,ORIENTAL ASPARAGUS AND MUSHROOMS,Readymade_dinner,47.57
P53786,NUDE BEACH,Readymade_dinner,50.32
P53944,MAMAS FRUIT COBBLER,Readymade_dinner,48.39
P54065,BOTTLE OF MILK,Grocery,17.28
P54103,CLOTHES PIN,Accessories,5.74
P54351,MUGS,Kitchenware,17.28
P54373,TENNIS BALL,Sports,16.51
P54450,KITTENCALS CHICKEN CACCIATORE,Readymade_dinner,47.34
P54530,WATER JUG,Grocery,17.28
P54639,BLACKBERRY BREAKFAST BARS,Readymade_breakfast,14.36
P54698,BOX OF BAKING SODA,Grocery,17.28
P54776,NO BAKE HERSHEYS BAR PIE,Readymade_lunch,23.77
P54947,HERBED POTATO WITH COTTAGE CHEESE,Readymade_dinner,52.47
P55042,SKETCH PAD,Stationary and School Supplies,5.74
P55151,BELT,Apparel,17.28
P55159,WHITE SHORTS,Apparel,17.28
P55210,BOTTLE OF SYRUP,Grocery,17.28
P55244,SWEET AND SOUR KIELBASA KABOBS,Readymade_dinner,39.99
P55281,CAN OF PEAS,Grocery,17.28
P55299,BOW TIE,Apparel,17.28
P55313,GUITAR,Music,5.02
P55397,HOT SALTY NUTS,Readymade_dinner,38.24
P55496,NUMBER 400 SEAFOOD CASSEROLE,Readymade_lunch,19.08
P55497,WW GREEK INSPIRED SCRAMBLED EGG WRAPS,Readymade_lunch,31.69
P55552,TUBE OF LIPSTICK,Cosmetics,12.51
P55618,JAMAICAN PORK TENDERLOIN,Readymade_dinner,46.66
P55689,PLUSH OCTOPUS,Toys and Entertainment,38.07
P55761,SHAMPOO,Health and Hygiene,6.11
P55766,CREAMY BEET SALAD,Readymade_dinner,44.45
P55771,FEATHER DUSTER,Cleaning Materials,19.1
P55816,COMPUTER CHAIR,Furniture,38.07
P55872,LIP GLOSS,Accessories,5.74
P55949,ONION BURGERS BY JOHN T EDGE THE LONGMEADOW FARM,Readymade_lunch,30.73
P56236,SHARPIE,School Supplies,18.67
P56387,BLACKBERRY BREAKFAST BARS,Readymade_breakfast,14.0
P56457,ROTISSERIE STYLE CHICKEN IN THE CROCK POT,Readymade_lunch,34.72
P56536,DON T BURN YOUR FINGERS GARLIC BREAD,Readymade_lunch,31.65
P56583,COFFEE MUG,Kitchenware,17.28
P56800,BIG NOTEBOOK,Stationary and School Supplies,5.74
P56813,CHILI JACK OVEN OMELET,Readymade_breakfast,15.5
P57150,PUMPKIN GINGER SCONES WITH CINNAMON CHIPS,Readymade_breakfast,11.69
P57337,LINDAS CHUNKY GARLIC MASHED POTATOES,Readymade_dinner,44.52
P57386,CARROTS,Grocery,17.28
P57400,ORZO WITH TOMATOES FETA AND GREEN ONIONS,Readymade_dinner,51.44
P57409,HAIR BRUSH,Accessories,5.74
P57861,GAME CD,Toys and Entertainment,38.07
P57874,SPANISH GARLIC SHRIMP TAVERNA,Readymade_dinner,38.88
P57905,PINE TREE,Furniture,38.07
P57940,DUVET,Furniture,38.07
P57944,PORK CHOPS WITH APPLES STUFFING,Readymade_dinner,44.03
P58030,BOTTLE OF PAINT,Nan,21.26
P58198,RING,Accessories,5.74
P58268,SNAIL SHELL,Grocery,17.28
P58303,CURRIED PEA SOUP,Readymade_dinner,37.05
P58345,BOX OF TISSUES,Grocery,17.28
P58422,NAIL CLIPPERS,Accessories,5.74
P58549,HOISIN MARINATED WING PIECES,Readymade_lunch,21.42
P58626,CHOCOLATE FLOWERS,Grocery,17.28
P58777,BREAKFAST CASSEROLE SEASONED WITH COUNTRY GRAVY,Readymade_breakfast,7.29
P58972,LEMON AND PARSLEY POTATOES,Readymade_dinner,49.46
P58979,CHEF FLOWERS SIMPLE SUNDAY BRUNCH OMELETTE,Readymade_breakfast,10.8
P58987,PORK CHOPS WITH APPLES STUFFING,Readymade_dinner,52.31
P59065,ROCK SALT,Grocery,17.28
P59114,MARBLE,Toys and Entertainment,38.07
P59165,BROILED CINNAMON TOAST,Readymade_breakfast,10.73
P59234,PERFUME,Accessories,5.74
P59313,FRYING PAN,Kitchenware,17.28
P59517,SPICED POACHED PEARS,Readymade_dinner,48.53
P59575,STRAW,Accessories,5.74
P59580,STATUETTE,Furniture,38.07
P59581,BASEBALL,Sports,19.51
P59682,UNCLE BILLS CAESAR CANADIAN STYLE,Readymade_dinner,44.45
P59722,NEEDLE,Accessories,5.74
P59950,HABIT FORMING SHRIMP DIP,Readymade_lunch,27.23
P60060,BOTTLE OF HONEY,Grocery,17.28
P60140,INSANELY EASY CHICKPEA SALAD,Readymade_lunch,27.18
P60168,COLGATE TOOTH PASTE,Health and Hygiene,6.11
P60217,PUMPKIN FRENCH TOAST WITH TOASTED WALNUTS,Readymade_breakfast,5.89
P60286,SPEAKERS,Electronics and Technology,38.07
P60417,BOX OF CRAYONS,Stationary and School Supplies,5.74
P60465,BAG OF COTTON BALLS,Health and Hygiene,6.11
P60629,SPINACH WITH LEMON GARLIC,Readymade_dinner,37.4
P60723,BONESAW,Tools,17.28
P60735,NAIL FILER,Accessories,5.74
P61036,PAIR OF BINOCULARS,Tools,17.28
P61390,POCKETWATCH,Electronics and Technology,38.07
P61461,VASE,Furniture,38.07
P61586,SALAMI HAVARTI AND COLE SLAW SANDWICHES,Readymade_lunch,11.4
P61886,THERMOMETER,Health and Hygiene,6.11
P61957,CHILI JACK OVEN OMELET,Readymade_breakfast,9.95
P61959,ICE CUBE,Grocery,17.28
P62013,FAKE CRAB SALAD SANDWICHES,Readymade_lunch,20.62
P62030,CHOCOLATE,Grocery,17.28
P62074,MULTIPURPOSE CLEANING,Cleaning Materials,21.45
P62255,GOAT CHEESE BLACK OLIVE MASHED POTATOES,Readymade_lunch,33.52
P62317,LUBYS CAFETERIA BUTTERNUT BROWNIE PIE,Readymade_dinner,45.33
P62485,JAR OF PICKLES,Grocery,17.28
P62552,SWEET ONION AND MASHED POTATO BAKE,Readymade_dinner,37.61
P62563,DEVIANT TELEVISION,Electronics and Technology,38.07
P62585,NECKTIE,Apparel,17.28
P62588,WW POTATO GRATIN 5 POINTS,Readymade_dinner,31.92
P62779,TEDDIES,Toys and Entertainment,38.07
P62849,PAINTING,Furniture,38.07
P62971,BOTTLE OF INK,Accessories,5.74
P63060,STRAMMER MAX GERMAN WARM SANDWICH,Readymade_lunch,24.44
P63143,FRIED ALMONDS,Readymade_dinner,42.71
P63156,KAHLUA HOT CHOCOLATE,Readymade_dinner,44.37
P63163,BREAD KNIFE,Kitchenware,17.28
P63248,BABY GREENS WITH PEARS GORGONZOLA AND PECANS,Readymade_dinner,50.69
P63300,BOOK OF JOKES,Toys and Entertainment,38.07
P63304,LOTION,Health and Hygiene,6.11
P63506,MOBILE PHONE,Electronics and Technology,38.07
P63527,CAT FOOD,Grocery,17.28
P63613,JIGSAW PUZZLE,Toys and Entertainment,38.07
P63665,GAME CARTRIDGE,Toys and Entertainment,38.07
P63735,BOTTLE OF NAIL POLISH,Cosmetics,15.69
P63736,EASY BREAKFAST CASSEROLE,Readymade_breakfast,13.11
P63902,LAMP,Furniture,38.07
P63936,SOCCER BALL,Sports,25.95
P64078,ANIMAL FOOD,Grocery,17.28
P64100,PEARLS SESAME NOODLES,Readymade_lunch,11.79
P64118,ROTISSERIE STYLE CHICKEN IN THE CROCK POT,Readymade_lunch,21.53
P64124,SPOOL OF WIRE,Tools,17.28
P64128,QUILT,Accessories,5.74
P64186,BREAKFAST CASSEROLE SEASONED WITH COUNTRY GRAVY,Readymade_breakfast,12.68
P64538,CEILING LIGHTS,Furniture,38.07
P64561,PAIR OF KNITTING NEEDLES,Accessories,5.74
P64735,TISSUE BOX,Grocery,17.28
P64754,PLACE MAT,Kitchenware,17.28
P65310,RHINO PLUSHIE,Toys and Entertainment,38.07
P65401,SHAWL,Apparel,17.28
P65444,CRISPY NOODLE SALAD WITH SWEET AND SOUR DRESSING,Readymade_dinner,49.64
