product_id,product_name,product_type,price
P16794,Grandmas Swedish Thin Pancakes,Readymade_breakfast,12.81
P61957,Chili Jack Oven Omelet,Readymade_breakfast,9.95
P23890,Baked Pears,Readymade_breakfast,10.04
P52912,Best Buttermilk Pancakes,Readymade_breakfast,5.83
P56387,Blackberry Breakfast Bars,Readymade_breakfast,14.0
P28708,Toasted Sunny Side Up Egg And Cheese Sandwiches,Readymade_breakfast,13.55
P00299,Pikelets Australian Pancakes,Readymade_breakfast,15.23
P38108,Scrambled Eggs Oeufs Brouills,Readymade_breakfast,7.28
P17375,Baked Pears,Readymade_breakfast,9.92
P26612,Moms Cheat Doughnuts,Readymade_breakfast,6.78
P07585,Scrambled Egg Sandwiches With Onions And Red Peppers,Readymade_breakfast,13.61
P50553,Cheery Cherry Muffins,Readymade_breakfast,7.53
P08098,Bacon Egg Casserole,Readymade_breakfast,12.39
P29135,Mexi Eggs In A Hole,Readymade_breakfast,9.4
P21559,Vanilla Fruit Dip,Readymade_breakfast,7.75
P32948,Original Praline Bacon Recipe,Readymade_breakfast,9.19
P56813,Chili Jack Oven Omelet,Readymade_breakfast,15.5
P06101,Chicken And Egg On Rice Oyako Donburi,Readymade_breakfast,10.95
P63736,Easy Breakfast Casserole,Readymade_breakfast,13.11
P02479,3 Meat Breakfast Pizza,Readymade_breakfast,5.65
P17344,Baked Swiss Cheese Omelet,Readymade_breakfast,8.72
P30732,Original Praline Bacon Recipe,Readymade_breakfast,8.43
P45809,Scrambled Eggs Oeufs Brouills,Readymade_breakfast,6.82
P11333,Flaeskeaeggekage Danish Bacon Egg Pancake Omelet,Readymade_breakfast,7.65
P07816,Egg Flowers,Readymade_breakfast,8.83
P13168,Toasted Sunny Side Up Egg And Cheese Sandwiches,Readymade_breakfast,8.07
P10771,Sleepy Twisted Sisters G N G Breakfast Ramekin,Readymade_breakfast,11.6
P14431,Fresh Mango Bread,Readymade_breakfast,6.87
P42855,Easy Danish Kringle,Readymade_breakfast,6.94
P47927,Ham Omelet Deluxe,Readymade_breakfast,13.87
P33533,Pumpkin Ginger Scones With Cinnamon Chips,Readymade_breakfast,10.2
P49459,Vanilla Fruit Dip,Readymade_breakfast,7.58
P34734,Shirleys Plain Or Blueberry Muffins,Readymade_breakfast,13.33
P57150,Pumpkin Ginger Scones With Cinnamon Chips,Readymade_breakfast,11.69
P59165,Broiled Cinnamon Toast,Readymade_breakfast,10.73
P20183,Vanilla Fruit Dip,Readymade_breakfast,15.41
P00535,Fresh Mango Bread,Readymade_breakfast,8.34
P50613,Broiled Cinnamon Toast,Readymade_breakfast,6.44
P45363,Awesome Orange Chocolate Muffins,Readymade_breakfast,14.25
P36489,Nats Cucumber Cream Cheese Bagel,Readymade_breakfast,8.97
P10592,Scrambled Egg Sandwiches With Onions And Red Peppers,Readymade_breakfast,13.18
P18058,Easy Danish Kringle,Readymade_breakfast,8.87
P29464,Sausage Gravy For Biscuits And Gravy,Readymade_breakfast,11.94
P17153,Fresh Mango Bread,Readymade_breakfast,9.19
P61036,Blueberry Banana Happy Face Pancakes,Readymade_breakfast,8.09
P58979,Chef Flowers Simple Sunday Brunch Omelette,Readymade_breakfast,10.8
P45916,Blueberry Bakery Muffins,Readymade_breakfast,11.75
P10780,English Muffins With Bacon Butter,Readymade_breakfast,7.32
P40372,Toasted Sunny Side Up Egg And Cheese Sandwiches,Readymade_breakfast,11.74
P25962,Chili Jack Oven Omelet,Readymade_breakfast,6.01
P10695,Blueberry Bakery Muffins,Readymade_breakfast,10.61
P36392,Cheesecake Kugel,Readymade_breakfast,6.8
P05776,3 Meat Breakfast Pizza,Readymade_breakfast,9.64
P14085,Broiled Cinnamon Toast,Readymade_breakfast,8.01
P36847,English Muffins With Bacon Butter,Readymade_breakfast,12.29
P34251,Eggs In A Basket,Readymade_breakfast,12.38
P29048,Poached Eggs Technique,Readymade_breakfast,6.34
P08253,Berry Cream Cheese Coffee Cake,Readymade_breakfast,9.39
P43253,Muffin Toppings,Readymade_breakfast,6.43
P33305,Easy Breakfast Casserole,Readymade_breakfast,6.99
P52456,Easy Breakfast Casserole,Readymade_breakfast,10.15
P30026,Muffin Toppings,Readymade_breakfast,8.87
P47439,Purple Cow,Readymade_breakfast,10.89
P64186,Breakfast Casserole Seasoned With Country Gravy,Readymade_breakfast,12.68
P40035,Asparagus Omelette Wraps,Readymade_breakfast,15.29
P31979,3 Meat Breakfast Pizza,Readymade_breakfast,11.21
P60217,Pumpkin French Toast With Toasted Walnuts,Readymade_breakfast,5.89
P45704,Italian Eggs With Bacon,Readymade_breakfast,14.76
P27057,Whole Grain Pancake Mix,Readymade_breakfast,8.44
P17385,Breakfast Casserole Seasoned With Country Gravy,Readymade_breakfast,5.77
P31756,Creamy Scrambled Eggs In The Microwave,Readymade_breakfast,5.73
P17602,Canadian Bacon Cheese Omelet,Readymade_breakfast,7.25
P37163,Poached Eggs Technique,Readymade_breakfast,6.43
P42606,6 Week Bran Muffins Auntie Annes Muffins,Readymade_breakfast,6.52
P33422,Nats Cucumber Cream Cheese Bagel,Readymade_breakfast,11.31
P58777,Breakfast Casserole Seasoned With Country Gravy,Readymade_breakfast,7.29
P46448,Bacon Egg Casserole,Readymade_breakfast,13.24
P01268,Italian Eggs With Bacon,Readymade_breakfast,9.93
P00665,Poached Eggs Technique,Readymade_breakfast,8.08
P31056,Pikelets Australian Pancakes,Readymade_breakfast,14.05
P46247,Mexi Eggs In A Hole,Readymade_breakfast,6.24
P22011,Danish Bubble,Readymade_breakfast,13.64
P48655,Original Praline Bacon Recipe,Readymade_breakfast,6.22
P23431,Old Fashioned Banana Muffins,Readymade_breakfast,5.68
P34445,Canadian Bacon Cheese Omelet,Readymade_breakfast,14.47
P42683,Country Scrambled Eggs,Readymade_breakfast,8.3
P51714,Ginger Lemon Muffins,Readymade_breakfast,7.01
P54639,Blackberry Breakfast Bars,Readymade_breakfast,14.36
P07974,Everyday French Breakfast Baguette And Jam With Chocolate Milk,Readymade_breakfast,8.88
P23739,Cardamom Sour Cream Waffles,Readymade_breakfast,11.63
P43032,Toasted Sunny Side Up Egg And Cheese Sandwiches,Readymade_breakfast,11.36
P50413,Oatmeal Cookie Granola,Readymade_breakfast,14.42
P03294,Original Praline Bacon Recipe,Readymade_breakfast,6.53
P15861,Flaeskeaeggekage Danish Bacon Egg Pancake Omelet,Readymade_breakfast,8.65
P43254,Baked Swiss Cheese Omelet,Readymade_breakfast,13.38
P38595,Original Praline Bacon Recipe,Readymade_breakfast,8.89
P30578,Everyday French Breakfast Baguette And Jam With Chocolate Milk,Readymade_breakfast,5.67
P01350,6 Week Bran Muffins Auntie Annes Muffins,Readymade_breakfast,8.57
P32361,A Faster Egg Muffin,Readymade_breakfast,11.95
P37809,Eggs In A Basket,Readymade_breakfast,12.55
P51619,Fresh Mango Bread,Readymade_lunch,28.83
P58549,Hoisin Marinated Wing Pieces,Readymade_lunch,21.42
P11963,Italian Deli Wraps,Readymade_lunch,36.47
P45096,Caramelized Onion Focaccia Bread Machine,Readymade_lunch,32.29
P34562,Katos Tasty Salmon Cream Cheese Surprise,Readymade_lunch,11.91
P39580,Spinach With Lemon Garlic,Readymade_lunch,40.11
P39400,Amazing Sweet Italian Sausage Pasta Soup,Readymade_lunch,31.49
P20607,Parmesan Fish In The Oven,Readymade_lunch,28.38
P34235,Copycat Taco Bell Chicken Enchilada Bowl,Readymade_lunch,31.73
P62255,Goat Cheese Black Olive Mashed Potatoes,Readymade_lunch,33.52
P06815,Toasted Ham And Cheese Supreme,Readymade_lunch,26.96
P12397,Quick Elephant Ears,Readymade_lunch,39.48
P53493,Salmon With Bourbon And Brown Sugar Glaze,Readymade_lunch,24.22
P54776,No Bake Hersheys Bar Pie,Readymade_lunch,23.77
P16145,Apple Butterflies,Readymade_lunch,14.58
P50818,Nifs Peanut Butter Banana Muffins,Readymade_lunch,40.09
P11538,Hummus With A Twist,Readymade_lunch,11.18
P03333,Spicy Chicken Soup With Hints Of Lemongrass And Coconut Milk,Readymade_lunch,19.36
P14602,Spinach Salad With Blue Cheese,Readymade_lunch,16.66
P37763,Fried Almonds,Readymade_lunch,20.48
P35031,Hearty Grilled Cheese,Readymade_lunch,23.88
P12902,Tuna Red Onion And Parsley Salad,Readymade_lunch,14.0
P27686,Sausage Sandwich Italian Style,Readymade_lunch,14.72
P04669,Toasted Ham And Cheese Supreme,Readymade_lunch,28.59
P05773,Sugared Cinnamon Almonds,Readymade_lunch,14.7
P52670,Blt Sandwich,Readymade_lunch,17.28
P30879,Goat Cheese Black Olive Mashed Potatoes,Readymade_lunch,18.64
P53005,Hearty Grilled Cheese,Readymade_lunch,39.13
P56457,Rotisserie Style Chicken In The Crock Pot,Readymade_lunch,34.72
P06431,Chicken With Cashews,Readymade_lunch,31.01
P28035,Chocolate Coconut Dream Bars,Readymade_lunch,23.97
P22373,Garlic Herbed Roasted Red Skin Potatoes,Readymade_lunch,11.56
P62013,Fake Crab Salad Sandwiches,Readymade_lunch,20.62
P19795,Grilled Chicken Pesto Panini,Readymade_lunch,39.3
P20398,Hoisin Marinated Wing Pieces,Readymade_lunch,35.75
P50225,Green Goddess Dressing,Readymade_lunch,19.92
P50666,Fresh Mango Bread,Readymade_lunch,31.54
P64118,Rotisserie Style Chicken In The Crock Pot,Readymade_lunch,21.53
P08902,Parmesan Fish In The Oven,Readymade_lunch,34.81
P40157,Baby Greens With Mustard Vinaigrette,Readymade_lunch,23.3
P34196,Purple Cow,Readymade_lunch,38.38
P20205,Ginger Soy Salmon,Readymade_lunch,30.98
P45047,Oatmeal Cookie Granola,Readymade_lunch,22.7
P04657,Caramelized Onion Focaccia Bread Machine,Readymade_lunch,36.91
P25134,Grilled Blue Cheese Burgers,Readymade_lunch,35.03
P10650,Grilled Havarti And Avocado Sandwiches,Readymade_lunch,25.52
P47662,Scallop Saute,Readymade_lunch,22.13
P60140,Insanely Easy Chickpea Salad,Readymade_lunch,27.18
P56536,Don T Burn Your Fingers Garlic Bread,Readymade_lunch,31.65
P42768,Purple Cow,Readymade_lunch,26.92
P62030,Delicious Cheesy Bacon And Green Onion Potato Skins,Readymade_lunch,19.76
P38164,Turkey Swiss Panini,Readymade_lunch,38.51
P17055,Hummus With A Twist,Readymade_lunch,12.44
P41016,Reuben Sandwich Our Way,Readymade_lunch,15.52
P61586,Salami Havarti And Cole Slaw Sandwiches,Readymade_lunch,11.4
P23312,The Godfather Of Grilled Cheese Sandwiches,Readymade_lunch,31.53
P14013,Lemon Coconut Muffins,Readymade_lunch,19.92
P55497,Ww Greek Inspired Scrambled Egg Wraps,Readymade_lunch,31.69
P09848,Hearty Grilled Cheese,Readymade_lunch,29.8
P19920,Hearty Grilled Cheese,Readymade_lunch,12.52
P26346,Fantastic Banana Bran Muffins,Readymade_lunch,12.53
P16814,Number 400 Seafood Casserole,Readymade_lunch,23.81
P38791,Blt Sandwich,Readymade_lunch,26.85
P44153,Delicious And Simple Fruit Dip,Readymade_lunch,12.46
P19806,Another Buffalo Wings Recipe,Readymade_lunch,23.14
P40839,The Traditional Cyprus Sandwich With Halloumi Onions And Tomato,Readymade_lunch,21.01
P47533,Crispy Fried Chicken Spring Rolls,Readymade_lunch,38.74
P64100,Pearls Sesame Noodles,Readymade_lunch,11.79
P04050,Oatmeal Cookie Granola,Readymade_lunch,10.98
P03104,Beef For Tacos,Readymade_lunch,16.97
P47893,Fantastic Banana Bran Muffins,Readymade_lunch,23.09
P47523,Number 400 Seafood Casserole,Readymade_lunch,17.31
P15639,Creamed Peas On Toast,Readymade_lunch,19.56
P02287,The Godfather Of Grilled Cheese Sandwiches,Readymade_lunch,17.15
P59950,Habit Forming Shrimp Dip,Readymade_lunch,27.23
P21604,Spicy Chicken Soup With Hints Of Lemongrass And Coconut Milk,Readymade_lunch,33.63
P05051,Katos Tasty Salmon Cream Cheese Surprise,Readymade_lunch,27.86
P48268,Fresh Tomato And Cucumber Salad,Readymade_lunch,18.14
P45148,Spicy Chicken Soup With Hints Of Lemongrass And Coconut Milk,Readymade_lunch,20.42
P15748,No Bake Hersheys Bar Pie,Readymade_lunch,17.66
P55949,Onion Burgers By John T Edge The Longmeadow Farm,Readymade_lunch,30.73
P24407,Egg Salad Club Sandwiches Or Shrimp Salad Club,Readymade_lunch,39.03
P36932,Grilled Cheese On Raisin Bread,Readymade_lunch,24.29
P05950,Baby Greens With Mustard Vinaigrette,Readymade_lunch,30.61
P52395,No Bake Hersheys Bar Pie,Readymade_lunch,28.84
P06984,Homemade Popsicles,Readymade_lunch,31.05
P50238,The Greatful Bread Sandwich,Readymade_lunch,12.39
P35116,3 Meat Breakfast Pizza,Readymade_lunch,22.53
P55496,Number 400 Seafood Casserole,Readymade_lunch,19.08
P18598,Famous White Wings,Readymade_lunch,24.59
P45896,No Bake Hersheys Bar Pie,Readymade_lunch,19.42
P52948,Simply Simple Cucumber Slices In Vinegar Dressing Longmeadow,Readymade_lunch,37.15
P15151,Baked Ham Glazed With Pineapple And Chipotle Peppers,Readymade_lunch,39.23
P02848,California Crab Salad,Readymade_lunch,17.93
P06200,Nats Cucumber Cream Cheese Bagel,Readymade_lunch,15.16
P28725,Spicy Chicken Soup With Hints Of Lemongrass And Coconut Milk,Readymade_lunch,20.81
P10398,Queen Margherita Pizza,Readymade_lunch,20.82
P08105,Sausage Sandwich Italian Style,Readymade_lunch,22.06
P63060,Strammer Max German Warm Sandwich,Readymade_lunch,24.44
P35713,Tuna Red Onion And Parsley Salad,Readymade_lunch,36.77
P06525,I Did It My Way Tossed Salad,Readymade_dinner,38.45
P52732,Strawberry Pavlova,Readymade_dinner,48.63
P60629,Spinach With Lemon Garlic,Readymade_dinner,37.4
P01128,Chocolate Covered Dipped Strawberries,Readymade_dinner,50.04
P58972,Lemon And Parsley Potatoes,Readymade_dinner,49.46
P65444,Crispy Noodle Salad With Sweet And Sour Dressing,Readymade_dinner,49.64
P04373,T G I Fridays Mudslide,Readymade_dinner,55.42
P30241,Kahlua Hot Chocolate,Readymade_dinner,31.57
P09653,Spanish Garlic Shrimp Taverna,Readymade_dinner,31.08
P41024,Moroccan Cinnamon Coffee With Orange Flower Water,Readymade_dinner,46.26
P30824,Celery And Blue Cheese Salad,Readymade_dinner,38.4
P06004,Oven Fried Zucchini Sticks,Readymade_dinner,31.64
P63143,Fried Almonds,Readymade_dinner,42.71
P39547,Kick A Fried Onion Rings,Readymade_dinner,52.93
P46858,Sweet And Sour Pork Balls,Readymade_dinner,43.66
P28748,Asparagus With Lemon Butter Crumbs,Readymade_dinner,54.8
P57337,Lindas Chunky Garlic Mashed Potatoes,Readymade_dinner,44.52
P23991,Spinach With Lemon Garlic,Readymade_dinner,31.62
P28104,Crispy Noodle Salad With Sweet And Sour Dressing,Readymade_dinner,32.21
P25027,Tonkatsu Japanese Pork Cutlet,Readymade_dinner,33.81
P47842,Provencal Olives,Readymade_dinner,34.29
P41802,Butterflied Leg Of Lamb With Lots Of Garlic And Rosemary,Readymade_dinner,54.2
P29241,Flounder Stuffed With Shrimp And Crabmeat,Readymade_dinner,36.34
P31973,Maple Coffee,Readymade_dinner,42.58
P57944,Pork Chops With Apples Stuffing,Readymade_dinner,44.03
P55766,Creamy Beet Salad,Readymade_dinner,44.45
P51326,Buttermilk Mashed Potatoes With Country Mustard,Readymade_dinner,32.53
P52507,Frozen Kahlua Creme,Readymade_dinner,47.13
P41255,Hummus With Pine Nuts Turkish Style,Readymade_dinner,41.76
P30163,Roasted Asparagus With Sage And Lemon Butter,Readymade_dinner,45.81
P63156,Kahlua Hot Chocolate,Readymade_dinner,44.37
P50352,Sourdough Rosemary Potato Bread,Readymade_dinner,30.68
P52352,Salata Marouli Romaine Lettuce Salad,Readymade_dinner,31.41
P03696,Caribbean Sunset,Readymade_dinner,39.35
P55244,Sweet And Sour Kielbasa Kabobs,Readymade_dinner,39.99
P44198,Mamas Fruit Cobbler,Readymade_dinner,49.3
P43988,Mushroom And Chicken Grilled Quesadillas,Readymade_dinner,54.38
P52004,Spinach Salad With Feta Cheese,Readymade_dinner,39.09
P45048,Just Like Deweys Candied Walnut And Grape Salad,Readymade_dinner,47.47
P33149,No Bake Hersheys Bar Pie,Readymade_dinner,39.1
P59682,Uncle Bills Caesar Canadian Style,Readymade_dinner,44.45
P57400,Orzo With Tomatoes Feta And Green Onions,Readymade_dinner,51.44
P00739,Caf A La Russe Chocolate Coffee,Readymade_dinner,38.48
P53944,Mamas Fruit Cobbler,Readymade_dinner,48.39
P63248,Baby Greens With Pears Gorgonzola And Pecans,Readymade_dinner,50.69
P23102,Goat Cheese Black Olive Mashed Potatoes,Readymade_dinner,38.62
P62317,Lubys Cafeteria Butternut Brownie Pie,Readymade_dinner,45.33
P51992,Asian Broccoli Salad,Readymade_dinner,45.61
P06447,Sausage Mushroom Appetizers,Readymade_dinner,34.96
P26180,Maple Coffee,Readymade_dinner,36.11
P46677,Creamy Cucumber Dill Dip,Readymade_dinner,44.37
P28165,Pan Broiled Steak With Whiskey Sauce,Readymade_dinner,33.11
P22318,Sweet Onion And Mashed Potato Bake,Readymade_dinner,52.55
P20506,Swedish Cucumber Salad Pressgurka,Readymade_dinner,42.13
P15886,Sherry Buttered Shrimp,Readymade_dinner,52.13
P02214,New England Roasted Cornish Game Hens,Readymade_dinner,51.68
P26249,Butterflied Leg Of Lamb With Lots Of Garlic And Rosemary,Readymade_dinner,43.4
P49390,Tilapia In Thai Sauce,Readymade_dinner,45.72
P32987,Red Potato And Green Bean Saute,Readymade_dinner,55.46
P10068,Crushed Red Potatoes With Garlic,Readymade_dinner,33.11
P34708,Savory Pita Chips,Readymade_dinner,40.87
P34466,Strawberry And Cream Cheese Parfait,Readymade_dinner,45.94
P62552,Sweet Onion And Mashed Potato Bake,Readymade_dinner,37.61
P51544,Spiced Poached Pears,Readymade_dinner,32.6
P08042,Grilled Or Baked Salmon With Lavender,Readymade_dinner,40.15
P10245,Lindas Special Potato Salad,Readymade_dinner,52.61
P50369,Hummus With Pine Nuts Turkish Style,Readymade_dinner,40.31
P53786,Nude Beach,Readymade_dinner,50.32
P20028,Parslied New Potatoes,Readymade_dinner,39.76
P27300,Bergy Dim Sum 5 Steamed Shrimp Dumplings,Readymade_dinner,39.63
P46591,Mushroom And Chicken Grilled Quesadillas,Readymade_dinner,35.9
P23724,Swirled Cranberry Cheesecake,Readymade_dinner,31.65
P11543,Long Island Iced Tea Applebees Tgi Fridays Style,Readymade_dinner,43.83
P33765,Emerils Stewed Black Eyed Peas,Readymade_dinner,30.82
P38603,Kittencals Extra Crispy Fried Chicken Breast,Readymade_dinner,35.9
P59517,Spiced Poached Pears,Readymade_dinner,48.53
P38361,Wild Addicting Dip,Readymade_dinner,35.51
P17294,Sweet Onion And Mashed Potato Bake,Readymade_dinner,40.05
P46016,Raspberry Cranberry Salad With Sour Cream Cream Cheese Topping,Readymade_dinner,55.4
P53549,Oriental Asparagus And Mushrooms,Readymade_dinner,47.57
P49164,Blue Margaritas,Readymade_dinner,40.62
P46929,Scallop Saute,Readymade_dinner,34.33
P55397,Hot Salty Nuts,Readymade_dinner,38.24
P18608,Kittencals Crock Pot French Dip Roast,Readymade_dinner,52.91
P03989,Spanish Garlic Shrimp Taverna,Readymade_dinner,47.18
P54947,Herbed Potato With Cottage Cheese,Readymade_dinner,52.47
P16039,Orange Glazed Pork Chops,Readymade_dinner,35.5
P44959,Kick A Fried Onion Rings,Readymade_dinner,52.5
P36441,Lindas Asian Salmon,Readymade_dinner,36.73
P24303,Chocolate Covered Dipped Strawberries,Readymade_dinner,47.78
P38031,Amazing Sweet Italian Sausage Pasta Soup,Readymade_dinner,48.96
P57874,Spanish Garlic Shrimp Taverna,Readymade_dinner,38.88
P04721,Ww Potato Gratin 5 Points,Readymade_dinner,37.01
P20809,Creamy Lemon Tarts,Readymade_dinner,36.42
P05572,Chocolate Coconut Dream Bars,Readymade_dinner,51.12
P58303,Curried Pea Soup,Readymade_dinner,37.05
P54450,Kittencals Chicken Cacciatore,Readymade_dinner,47.34
P55618,Jamaican Pork Tenderloin,Readymade_dinner,46.66
P62588,Ww Potato Gratin 5 Points,Readymade_dinner,31.92
P58987,Pork Chops With Apples Stuffing,Readymade_dinner,52.31
P36795,Hair Pin,Accessories,5.74
P12201,Ladle,Kitchenware,17.28
P46595,Plush Unicorn,Toys and Entertainment,38.07
P47369,Hair Ribbon,Accessories,5.74
P48736,Toy Plane,Toys and Entertainment,38.07
P45904,Leather Wallet,Accessories,5.74
P10825,Purse,Accessories,5.74
P58198,Ring,Accessories,5.74
P23986,Bottle Of Oil,Grocery,17.28
P07667,Bow Tie,Accessories,5.74
P35187,Leg Warmers,Apparel,17.28
P24807,Helmet,Apparel,17.28
P10492,Spice Bottle,Grocery,17.28
P63527,Cat Food,Grocery,17.28
P54065,Bottle Of Milk,Grocery,17.28
P48972,Table,Furniture,38.07
P12380,Door,Furniture,38.07
P09693,Acorn,Grocery,17.28
P24868,Key,Furniture,38.07
P54698,Box Of Baking Soda,Grocery,17.28
P17131,Keychain,Accessories,5.74
P15136,Box Of Q-Tips,Health and Hygiene,6.11
P41840,Hand Mirror,Accessories,5.74
P03010,Box Of Notebooks,Stationary,16.11
P25621,Magnifying Glass,Stationary,22.26
P55761,Shampoo,Health and Hygiene,6.11
P11306,Keyholder,Accessories,5.74
P36941,Screwdriver,Tools,17.28
P03225,Bread,Grocery,17.28
P18900,Beaded Bracelet,Jewelry,11.31
P62585,Necktie,Apparel,17.28
P41956,Cookies,Grocery,17.28
P25856,Blouse,Apparel,17.28
P21217,Diamond Ring,Jewelry,21.41
P45019,Sand Paper,Stationary,4.47
P07037,Honey Jar,Grocery,17.28
P39751,Laptop,Technology,15.09
P08790,Iphone,Technology,24.63
P42272,Watch,Electronics and Technology,38.07
P56583,Coffee Mug,Kitchenware,17.28
P11998,Cup,Kitchenware,17.28
P35380,Pair Of Sunglasses,Accessories,5.74
P52518,Pudding,Grocery,17.28
P23539,Trash Bag,Health and Hygiene,6.11
P18466,Electric Fan,Technology,22.68
P13070,Basketball,Sports,16.69
P23751,Tennis Racket,Sports,14.08
P55552,Tube Of Lipstick,Cosmetics,12.51
P47288,Bookmark,Accessories,5.74
P60465,Bag Of Cotton Balls,Health and Hygiene,6.11
P08264,Bar Of Soap,Health and Hygiene,6.11
P07689,Quartz Crystal,Jewelry,6.35
P14794,Extension Cord,Electronics and Technology,38.07
P12662,Antibacterial Soap,Health and Hygiene,6.11
P19556,Wine Glass,Kitchenware,17.28
P18854,Window,Furniture,38.07
P21579,Bottle Of Soda,Grocery,17.28
P31591,Pair Of Water Goggles,Accessories,5.74
P31025,Rubber Stamp,Accessories,5.74
P41308,Lime,Grocery,17.28
P17244,Baseball,Sports,8.72
P08237,Carton Of Ice Cream,Grocery,17.28
P29173,Tube Of Lip Balm,Accessories,5.74
P40013,Shoes,Apparel,17.28
P10248,Sandals,Apparel,17.28
P01345,Hair Tie,Accessories,5.74
P03456,Scotch Tape,Stationary and School Supplies,5.74
P36428,Pork,Grocery,17.28
P44474,Box Of Chocolates,Grocery,17.28
P01086,Pencil Holder,Accessories,5.74
P62971,Bottle Of Ink,Accessories,5.74
P61886,Thermometer,Health and Hygiene,6.11
P36453,Notepad,Stationary and School Supplies,5.74
P46799,Tower Holder,Furniture,38.07
P31991,Paperclip,Stationary and School Supplies,5.74
P06861,Children'S Pants,Apparel,17.28
P15618,Khaki Shorts,Apparel,17.28
P63304,Lotion,Health and Hygiene,6.11
P50943,Crowbar,Tools,17.28
P54373,Tennis Ball,Sports,16.51
P07302,Tea Cup,Kitchenware,17.28
P56236,Sharpie,School Supplies,18.67
P45177,Cucumber,Grocery,17.28
P29692,Plush Dinosaur,Toys and Entertainment,38.07
P33973,Hammer,Tools,17.28
P42789,Egg Beater,Kitchenware,17.28
P65310,Rhino Plushie,Toys and Entertainment,38.07
P32211,Small Pouch,Accessories,5.74
P01399,Candy Wrapper,Grocery,17.28
P21941,Shark Toy,Toys and Entertainment,38.07
P18592,Country Flag,Stationary and School Supplies,5.74
P27175,Pearl Necklace,Jewelry,10.11
P51071,Wooden Spoon,Kitchenware,17.28
P57861,Game Cd,Toys and Entertainment,38.07
P64128,Quilt,Accessories,5.74
P28972,Box Of Chalk,Stationary and School Supplies,5.74
P43805,Pack Of Cards,Toys and Entertainment,38.07
P45008,Pair Of Glasses,Accessories,5.74
P35601,Deodorant,Health and Hygiene,6.11
P08279,Bell,Accessories,5.74
P64735,Tissue Box,Grocery,17.28
P16950,Hand Bag,Accessories,5.74
P12456,Bottle Of Water,Grocery,17.28
P59065,Rock Salt,Grocery,17.28
P13246,Sticker Book,Stationary and School Supplies,5.74
P39678,Fridge,Electronics and Technology,38.07
P31119,Cd,Electronics and Technology,38.07
P59234,Perfume,Accessories,5.74
P46596,Sponge,Kitchenware,17.28
P13078,Dove Soap,Health and Hygiene,6.11
P38411,White Spoon,Kitchenware,17.28
P30105,Harmonica,Music,16.64
P58422,Nail Clippers,Accessories,5.74
P55313,Guitar,Music,5.02
P37149,Roll Of Stickers,Stationary and School Supplies,5.74
P09731,Hair Clip,Accessories,5.74
P14605,Picture Frame,Accessories,5.74
P30996,Coloring Book,Toys and Entertainment,38.07
P60286,Speakers,Electronics and Technology,38.07
P61390,Pocketwatch,Electronics and Technology,38.07
P06518,Few Batteries,Electronics and Technology,38.07
P34796,Orca Plushie,Toys and Entertainment,38.07
P02380,Music Cd,Music,21.38
P07965,Pens,Stationary and School Supplies,5.74
P44353,Dolphin Toy,Toys and Entertainment,38.07
P51961,Locket,Accessories,5.74
P28494,Feather,Accessories,5.74
P39935,Rubber Duck,Toys and Entertainment,38.07
P36338,Chocolate Cookies,Grocery,17.28
P65401,Shawl,Apparel,17.28
P47996,Deodorant Stick,Health and Hygiene,6.11
P42592,Pair Of Rubber Gloves,Health and Hygiene,6.11
P26149,Piece Of Gum,Grocery,17.28
P15826,Polo Shirt,Apparel,17.28
P02028,Allen Wrench,Tools,17.28
P43148,Conditioner,Health and Hygiene,6.11
P12322,Pool Stick,Tools,17.28
P26243,Flower Blouse,Apparel,17.28
P50905,Screw,Tools,17.28
P31819,Panda Plushie,Toys and Entertainment,38.07
P14696,Comb,Accessories,5.74
P25336,Drawer,Furniture,38.07
P12400,Cabinet,Furniture,38.07
P36198,Gargle,Health and Hygiene,6.11
P27604,Toothbrush,Health and Hygiene,6.11
P06546,Pair Of Socks,Apparel,17.28
P41178,Washing Machine,Electronics and Technology,38.07
P08198,Bed,Furniture,38.07
P63163,Bread Knife,Kitchenware,17.28
P11049,Remote,Electronics and Technology,38.07
P06762,Steak Knife,Kitchenware,17.28
P61959,Ice Cube,Grocery,17.28
P27572,Mattress,Furniture,38.07
P27594,Closet,Furniture,38.07
P15679,Toilet,Furniture,38.07
P25343,Television Set,Electronics and Technology,38.07
P55872,Lip Gloss,Accessories,5.74
P64078,Animal Food,Grocery,17.28
P27776,Blue Shirt,Apparel,17.28
P50527,Slipper,Apparel,17.28
P51599,Camera,Electronics and Technology,38.07
P02905,Eraser,Stationary and School Supplies,5.74
P14423,Stop Sign,Stationary and School Supplies,5.74
P00550,Sheet Of Paper,Stationary and School Supplies,5.74
P24772,Mouse Pad,Electronics and Technology,38.07
P39770,Bag Of Popcorn,Grocery,17.28
P39669,Shopping Bag,Accessories,5.74
P35200,Ipod,Electronics and Technology,38.07
P63902,Lamp,Furniture,38.07
P26301,Miniature Portrait,Accessories,5.74
P60060,Bottle Of Honey,Grocery,17.28
P38477,Rubber Band,Accessories,5.74
P09279,Mini Table,Furniture,38.07
P42535,Wrench,Tools,17.28
P10749,Scallop Shell,Grocery,17.28
P00159,Car Wrench,Tools,17.28
P07851,Button,Accessories,5.74
P13611,Water Bottle,Grocery,17.28
P31963,Video Games,Electronics and Technology,38.07
P30168,Can Of Beans,Grocery,17.28
P58345,Box Of Tissues,Grocery,17.28
P55299,Bow Tie,Apparel,17.28
P22797,Tweezers,Accessories,5.74
P22692,Package Of Crisp And Crunchy Edibles,Grocery,17.28
P35277,Whistle,Accessories,5.74
P27881,Pencil,Stationary and School Supplies,5.74
P46469,Shirt With Collar,Apparel,17.28
P22136,Martini Glass,Kitchenware,17.28
P59722,Needle,Accessories,5.74
P44493,Soap,Health and Hygiene,6.11
P36555,Can Of Whipped Cream,Grocery,17.28
P00957,Bag,Apparel,17.28
P10973,Spool Of Thread,Accessories,5.74
P05697,Comic Book,Toys and Entertainment,38.07
P06160,Toy Robot,Toys and Entertainment,38.07
P49144,Canteen Spoon,Kitchenware,17.28
P38223,Safety Pin,Accessories,5.74
P30561,Brush,Accessories,5.74
P09482,Bottle Of Perfume,Accessories,5.74
P08480,Novel,Toys and Entertainment,38.07
P30159,Flyswatter,Accessories,5.74
P38056,Toy Car,Toys and Entertainment,38.07
P46943,Dagger,Accessories,5.74
P04083,Laptop,Electronics and Technology,38.07
P38639,Pepper Shaker,Kitchenware,17.28
P09159,Pocketknife,Accessories,5.74
P62849,Painting,Furniture,38.07
P38278,Boom Box,Electronics and Technology,38.07
P34832,Whale Toy,Toys and Entertainment,38.07
P25172,Wedding Ring,Jewelry,25.46
P35012,Paintbrush,Tools,17.28
P13499,Bottle,Grocery,17.28
P46172,Floor,Furniture,38.07
P21143,Fish Ball,Grocery,17.28
P55210,Bottle Of Syrup,Grocery,17.28
P59580,Statuette,Furniture,38.07
P42908,Plush Cat,Toys and Entertainment,38.07
P64538,Ceiling Lights,Furniture,38.07
P19537,Shovel,Tools,17.28
P23233,Light Stick,Tools,17.28
P49928,Sticky Note,Stationary and School Supplies,5.74
P44541,Crocs,Apparel,17.28
P19785,Spoon,Kitchenware,17.28
P39268,Couch,Furniture,38.07
P57940,Duvet,Furniture,38.07
P03084,Spring,Tools,17.28
P23444,Tool Box,Tools,17.28
P14726,Bandana,Accessories,5.74
P54103,Clothes Pin,Accessories,5.74
P51428,Lace,Accessories,5.74
P56800,Big Notebook,Stationary and School Supplies,5.74
P35292,Wireless Control,Electronics and Technology,38.07
P03714,Mp3 Player,Electronics and Technology,38.07
P28785,Harry Potter,Toys and Entertainment,38.07
P22100,Outlet,Electronics and Technology,38.07
P19963,Squid,Grocery,17.28
P43278,Candle,Accessories,5.74
P33489,Saw,Tools,17.28
P35567,Sun Glasses,Accessories,5.74
P23730,Computer,Electronics and Technology,38.07
P06454,Apple,Grocery,17.28
P64561,Pair Of Knitting Needles,Accessories,5.74
P55151,Belt,Apparel,17.28
P04584,Butter Knife,Kitchenware,17.28
P39805,Lamp Shade,Furniture,38.07
P07101,Toilet Paper Tube,Health and Hygiene,6.11
P54530,Water Jug,Grocery,17.28
P47328,Blouse,Apparel,17.28
P49110,Refrigerator Magnet,Accessories,5.74
P50249,Bottle Of Pills,Health and Hygiene,6.11
P22698,Bananas,Grocery,17.28
P17470,Matchbook,Accessories,5.74
P39300,Roll Of Duct Tape,Tools,17.28
P44480,Chain,Tools,17.28
P43899,Box Of Markers,Stationary and School Supplies,5.74
P47057,Monitor,Electronics and Technology,38.07
P14421,Socks,Apparel,17.28
P36256,Shoe Lace,Accessories,5.74
P25317,Credit Card Holder,Accessories,5.74
P29299,Grid Paper,Stationary and School Supplies,5.74
P00534,Balloon,Others,8.13
P19879,Table,Furniture,38.07
P28797,Tea Pot,Kitchenware,17.28
P37820,Letter Opener,Tools,17.28
P05591,Large Door,Furniture,38.07
P46852,Brown Shoes,Apparel,17.28
P45091,Sofa Bed,Furniture,38.07
P60417,Box Of Crayons,Stationary and School Supplies,5.74
P31477,Bottle Of Lotion,Health and Hygiene,6.11
P57905,Pine Tree,Furniture,38.07
P08116,Pair Of Safety Goggles,Tools,17.28
P64754,Place Mat,Kitchenware,17.28
P14956,Plates,Kitchenware,17.28
P63506,Mobile Phone,Electronics and Technology,38.07
P47989,Egg,Grocery,17.28
P35269,Microphone,Electronics and Technology,38.07
P57409,Hair Brush,Accessories,5.74
P00909,Domino Set,Toys and Entertainment,38.07
P16100,Buckle,Tools,17.28
P26076,Face Wash,Health and Hygiene,6.11
P11158,Clay Pot,Furniture,38.07
P29047,Twister,Toys and Entertainment,38.07
P34777,Airconditioner,Electronics and Technology,38.07
P05447,Centrum,Health and Hygiene,6.11
P33124,Beef,Grocery,17.28
P59313,Frying Pan,Kitchenware,17.28
P31846,Spatula,Kitchenware,17.28
P03309,Class Ring,Jewelry,11.81
P04239,Glass Mirror,Furniture,38.07
P49814,Air Fryer,Electronics and Technology,38.07
P26750,Chicken,Grocery,17.28
P03118,Small Knife,Kitchenware,17.28
P40638,Gold Necklace,Jewelry,21.71
P14601,Clock,Furniture,38.07
P63300,Book Of Jokes,Toys and Entertainment,38.07
P14660,Gaming Gards,Toys and Entertainment,38.07
P41821,Can Opener,Kitchenware,17.28
P49478,Small Banana,Grocery,17.28
P63936,Soccer Ball,Sports,25.95
P08782,Packet Of Seeds,Grocery,17.28
P63665,Game Cartridge,Toys and Entertainment,38.07
P12820,Milk,Grocery,17.28
P44599,Cellphone,Electronics and Technology,38.07
P59114,Marble,Toys and Entertainment,38.07
P36328,Plastic Fork,Kitchenware,17.28
P43004,Bangle Bracelet,Jewelry,20.61
P38404,Jar Of Jam,Grocery,17.28
P60735,Nail Filer,Accessories,5.74
P00744,Candy Bar,Grocery,17.28
P63613,Jigsaw Puzzle,Toys and Entertainment,38.07
P54351,Mugs,Kitchenware,17.28
P49554,Vodafone Mobile Phone,Electronics and Technology,38.07
P12877,Pillow,Furniture,38.07
P49305,Jar Of Peanut Butter,Grocery,17.28
P35048,Toy Top,Toys and Entertainment,38.07
P48019,Samsung Tablet,Electronics and Technology,38.07
P48014,Candy Cane,Grocery,17.28
P39720,Wooden Nails,Tools,17.28
P45110,Bottle Of Glue,Stationary and School Supplies,5.74
P07754,Washcloth,Accessories,5.74
P03144,Pasta Strainer,Kitchenware,17.28
P53153,Egg Timer,Kitchenware,17.28
P12916,Lemon,Grocery,17.28
P52838,Gold Belt,Apparel,17.28
P22934,Toy Soldier,Toys and Entertainment,38.07
P55159,White Shorts,Apparel,17.28
P50634,Giraffe Toy,Toys and Entertainment,38.07
P30680,Magazine,Toys and Entertainment,38.07
P58626,Chocolate Flowers,Grocery,17.28
P55771,Feather Duster,Cleaning Materials,19.1
P10334,Fish,Grocery,17.28
P16928,Toothpick,Health and Hygiene,6.11
P27634,Lighter,Tools,17.28
P59581,Baseball,Sports,19.51
P43640,Baseball Hat,Sports,18.99
P22565,Volleyball Shoes,Sports,16.32
P15728,Tennis Jersey,Sports,9.02
P13660,Video Recorder,Electronics and Technology,38.07
P31495,Smart Television,Electronics and Technology,38.07
P27721,Ice Cream Stick,Grocery,17.28
P47037,Roll Of Toilet Paper,Health and Hygiene,6.11
P40416,Ipod Charger,Electronics and Technology,38.07
P55816,Computer Chair,Furniture,38.07
P46180,Grocery Bag,Grocery,17.28
P52510,Glass Mug,Kitchenware,17.28
P42173,Kitchen Knife,Kitchenware,17.28
P04272,Large Plate,Kitchenware,17.28
P45928,Coffee Pot,Kitchenware,17.28
P50422,Eye Liner,Cosmetic,8.86
P24514,Broccoli,Grocery,17.28
P58268,Snail Shell,Grocery,17.28
P40901,Package Of Glitter,Accessories,5.74
P35603,Plush Dog,Toys and Entertainment,38.07
P04910,Radio,Electronics and Technology,38.07
P51590,Blue Pen,Stationary and School Supplies,5.74
P31809,Plush Pony,Toys and Entertainment,38.07
P62074,Multipurpose Cleaning,Cleaning Materials,21.45
P61461,Vase,Furniture,38.07
P05519,Carrot,Grocery,17.28
P31816,Rope,Accessories,5.74
P37261,Baseball Bat,Sports,18.02
P32391,Plush Rabbit,Toys and Entertainment,38.07
P32838,Laser Pointer,Electronics and Technology,38.07
P32736,Summit Drinking Water,Grocery,17.28
P20679,Dog Food,Grocery,17.28
P21603,Roll Of Masking Tape,Tools,17.28
P59575,Straw,Accessories,5.74
P63735,Bottle Of Nail Polish,Cosmetics,15.69
P49380,Washing Machine,Appliances,23.24
P21488,Wristwatch,Electronics and Technology,38.07
P08132,Nail Polish,Cosmetics,7.55
P20986,Mouse Pad,Accessories,5.74
P30600,Hard Drive,Electronics and Technology,38.07
P52201,Hand Fan,Electronics and Technology,38.07
P19599,Oslo Paper,Stationary and School Supplies,5.74
P60723,Bonesaw,Tools,17.28
P57386,Carrots,Grocery,17.28
P27609,Handheld Game System,Electronics and Technology,38.07
P48963,Red Ribbon Cake,Grocery,17.28
P14691,Plush Bear,Toys and Entertainment,38.07
P10899,Garden Spade,Tools,17.28
P15983,Desk Light,Furniture,38.07
P50257,Desk,Furniture,38.07
P02406,Bottle Of Sunscreen,Health and Hygiene,6.11
P55042,Sketch Pad,Stationary and School Supplies,5.74
P34423,Drill Press,Tools,17.28
P03457,Ball Of Yarn,Stationary and School Supplies,5.74
P16656,Soy Milk,Grocery,17.28
P07875,Wok,Kitchenware,17.28
P40818,Toy Boat,Toys and Entertainment,38.07
P05303,Squirt Gun,Toys and Entertainment,38.07
P64124,Spool Of Wire,Tools,17.28
P21614,Purse/Bag,Apparel,17.28
P43238,Can Of Chili,Grocery,17.28
P62779,Teddies,Toys and Entertainment,38.07
P41898,Football,Sports,17.84
P18259,Orange,Grocery,17.28
P14943,Cement Stone,Tools,17.28
P37389,Magnet,Tools,17.28
P28697,Rubber Cows,Toys and Entertainment,38.07
P12233,Tall Light Lamp,Furniture,38.07
P08839,Baseball Gloves,Sports,3.78
P13991,Door Knob,Furniture,38.07
P55689,Plush Octopus,Toys and Entertainment,38.07
P12174,Light Bulb,Electronics and Technology,38.07
P51902,Big Fork,Kitchenware,17.28
P00107,Mop,Cleaning Materials,16.0
P05976,Blackberry Phone,Electronics and Technology,38.07
P00518,Printer,Electronics and Technology,38.07
P11415,Plush Frog,Toys and Entertainment,38.07
P32152,Small Notebook,Stationary and School Supplies,5.74
P24798,Electronic Keyboard,Electronics and Technology,38.07
P24155,Pair Of Earrings,Jewelry,23.13
P16844,Salt Shaker,Kitchenware,17.28
P22691,Screwdriver,Tools,17.28
P26460,Flashlight,Tools,17.28
P19736,Pair Of Tongs,Kitchenware,17.28
P00961,Refrigerator,Appliances,14.67
P25652,Red Scarf,Apparel,17.28
P44526,Rolling Pin,Kitchenware,17.28
P31455,Chalk,Stationary and School Supplies,5.74
P40474,Standing Desk,Furniture,38.07
P55281,Can Of Peas,Grocery,17.28
P20348,Ice Pick,Tools,17.28
P31116,Blowdryer,Electronics and Technology,38.07
P43006,Huge Scissors,Tools,17.28
P29421,Glue Gun,Toolss,13.17
P15245,Dove Lotion,Health and Hygiene,6.11
P41448,Desk Drawer,Furniture,38.07
P58030,Bottle Of Paint,Unknown,21.26
P30941,Stockings,Apparel,17.28
P36796,Whip Cream,Grocery,17.28
P62563,Deviant Television,Electronics and Technology,38.07
P44568,Tool Basket,Tools,17.28
P60168,Colgate Tooth Paste,Health and Hygiene,6.11
P24359,Khaki Pants,Apparel,17.28
P20330,Axe,Tools,17.28
P62485,Jar Of Pickles,Grocery,17.28
P35203,Tomato,Grocery,17.28
P34682,Bowl,Kitchenware,17.28
P07137,Dehumidifier,Electronics and Technology,38.07
P29484,Rice,Grocery,17.28
P22046,Dove Deodorant,Health and Hygiene,6.11
